Item Code,Saved Image Path
312-1219,/312-1219/312-1219_001.jpg
390-1012,/390-1012/390-1012_001.jpg
391-1009,/391-1009/391-1009_001.jpg
P1301,/P1301/P1301_001.jpg
MT13H220A,/MT13H220A/MT13H220A_001.jpg
MT13H222A,/MT13H222A/MT13H222A_001.jpg
MT13H223A,/MT13H223A/MT13H223A_001.jpg
MT14H418A-02 GN,
MT16H210F-478-GN,/MT16H210F-478-GN/MT16H210F-478-GN_001.jpg
MT16H210F-478-RD,/MT16H210F-478-RD/MT16H210F-478-RD_001.jpg
MT20H682FB-02-SV,/MT20H682FB-02-SV/MT20H682FB-02-SV_001.jpg
MT20H682FB-68,
UU009554476,
XH001678545,
H540A,/H540A/H540A_001.jpg
X4B,/X4B/X4B_001.jpg
X5A,
70071524139,
70071612918,
HY21,/HY21/HY21_001.jpg
HY54,/HY54/HY54_001.jpg
HY68SV,/HY68SV/HY68SV_001.png
HY7,/HY7/HY7_001.jpg
HY79,/HY79/HY79_001.jpg
56958,
OP2080,/OP2080/OP2080_001.jpg
ACPHONE,/ACPHONE/ACPHONE_001.jpg
OP25100,/OP25100/OP25100_001.jpg
DS65A,/DS65A/DS65A_001.jpg
DS80A,/DS80A/DS80A_001.jpg
DS80ED,/DS80ED/DS80ED_001.jpg
ST1648X65A,/ST1648X65A/ST1648X65A_001.jpg
ST2060X80A,/ST2060X80A/ST2060X80A_001.JPG
ST2267X100A,/ST2267X100A/ST2267X100A_001.jpg
SL1570,/SL1570/SL1570_001.jpg
ACDN50D-1,/ACDN50D-1/ACDN50D-1_001.jpg
ACDM80-MTC,/ACDM80-MTC/ACDM80-MTC_001.jpg
ACEP40,/ACEP40/ACEP40_001.jpg
ACES804,/ACES804/ACES804_001.jpg
ACES804K,
AC804-OTA,
ACDM60,/ACDM60/ACDM60_001.jpg
ACDM60,/ACDM60/ACDM60_002.jpg
ACDM60,/ACDM60/ACDM60_003.jpg
ACDM60,/ACDM60/ACDM60_004.jpg
ACDM60B,
ACDM60B-1,/ACDM60B-1/ACDM60B-1_001.jpg
ACDM60G1,/ACDM60G1/ACDM60G1_001.jpg
ACDM60G2,
ACDM60G3,
ACDM60T,/ACDM60T/ACDM60T_001.jpg
ACDN50,/ACDN50/ACDN50_001.jpg
ACDN50,/ACDN50/ACDN50_002.jpg
ACDN50,/ACDN50/ACDN50_003.jpg
ACDN50,/ACDN50/ACDN50_004.jpg
ACDN50D,/ACDN50D/ACDN50D_001.jpg
ACV2DT5,/ACV2DT5/ACV2DT5_001.jpg
ACV2DT8,/ACV2DT8/ACV2DT8_001.jpg
ACVFM127T10,/ACVFM127T10/ACVFM127T10_001.jpg
ACVFM60T5,/ACVFM60T5/ACVFM60T5_001.jpg
ACVFM70T8,/ACVFM70T8/ACVFM70T8_001.jpg
ACVFM80T8,/ACVFM80T8/ACVFM80T8_001.jpg
ACVFM90T10,/ACVFM90T10/ACVFM90T10_001.jpg
ACVTMT8A,/ACVTMT8A/ACVTMT8A_001.jpg
ACVTPMT10,/ACVTPMT10/ACVTPMT10_001.jpg
ACVFM127,/ACVFM127/ACVFM127_001.jpg
ACVFM80,/ACVFM80/ACVFM80_001.jpg
ACVFM90,/ACVFM90/ACVFM90_001.jpg
ACVTMC,
ACP-SL1570BCAP,/ACP-SL1570BCAP/ACP-SL1570BCAP_001.jpg
ACP-SL1570FCAP,/ACP-SL1570FCAP/ACP-SL1570FCAP_001.jpg
557-832-411,
557-832-412,
8107BLK1SZ,/8107BLK1SZ/8107BLK1SZ_001.jpg
8260RNG1SZ,/8260RNG1SZ/8260RNG1SZ_001.jpg
8260RNG1SZ,/8260RNG1SZ/8260RNG1SZ_002.jpg
9010CYB1SZ,/9010CYB1SZ/9010CYB1SZ_001.png
9040BLK1SZ,/9040BLK1SZ/9040BLK1SZ_001.jpg
AG-MPF78-L,/AG-MPF78-L/AG-MPF78-L_001.jpg
AG-MPF78-M,/AG-MPF78-M/AG-MPF78-M_001.jpg
AG-MPF78-S,/AG-MPF78-S/AG-MPF78-S_001.jpg
AG-MPF78-XL,/AG-MPF78-XL/AG-MPF78-XL_001.png
B8254RNGONE,/B8254RNGONE/B8254RNGONE_001.jpg
B8254RNGTWO,/B8254RNGTWO/B8254RNGTWO_001.jpg
8033MTC1SZ,
8033WLFG1SZ,
21413,/21413/21413_001.jpg
654-50,/654-50/654-50_001.jpg
70667,/70667/70667_001.jpg
70540,/70540/70540_001.jpg
70540,/70540/70540_002.jpg
70540,/70540/70540_003.jpg
70540,/70540/70540_004.jpg
70540,/70540/70540_005.jpg
70540,/70540/70540_006.jpg
70540,/70540/70540_007.jpg
70548,/70548/70548_001.jpg
70548,/70548/70548_002.jpg
70548,/70548/70548_003.jpg
70580,/70580/70580_001.jpg
70580,/70580/70580_002.jpg
70581,/70581/70581_001.jpg
70582,/70582/70582_001.jpg
70583,/70583/70583_001.jpg
70585,/70585/70585_001.jpg
70588,/70588/70588_001.jpg
70636,/70636/70636_001.jpg
70642,/70642/70642_001.jpg
22611,/22611/22611_001.jpg
22612,/22612/22612_001.jpg
22753,/22753/22753_001.jpg
951-50,/951-50/951-50_001.jpg
10938,/10938/10938_001.jpg
10938,/10938/10938_002.jpg
10938,/10938/10938_003.jpg
10949,/10949/10949_001.jpg
10949,/10949/10949_002.jpg
10949,/10949/10949_003.jpg
10949,/10949/10949_004.jpg
10949,/10949/10949_005.jpg
10949,/10949/10949_006.jpg
1102-46,/1102-46/1102-46_001.jpeg
1102-46,/1102-46/1102-46_002.jpeg
1102-46,/1102-46/1102-46_003.jpeg
1102-46,/1102-46/1102-46_004.jpeg
1102-46,/1102-46/1102-46_005.jpeg
1102-46,/1102-46/1102-46_006.jpeg
1106-46,/1106-46/1106-46_001.jpeg
1106-46,/1106-46/1106-46_002.jpeg
1106-46,/1106-46/1106-46_003.jpeg
1106-46,/1106-46/1106-46_004.jpeg
1106-46,/1106-46/1106-46_005.jpeg
1106-46,/1106-46/1106-46_006.jpeg
1106-46,/1106-46/1106-46_007.jpeg
1116-46,/1116-46/1116-46_001.jpg
1116-46,/1116-46/1116-46_002.jpg
1116-46,/1116-46/1116-46_003.jpg
1116-46,/1116-46/1116-46_004.jpg
1116-46,/1116-46/1116-46_005.jpg
1116-46,/1116-46/1116-46_006.jpg
1116-46,/1116-46/1116-46_007.jpg
1116-46,/1116-46/1116-46_008.jpg
1116-46,/1116-46/1116-46_009.jpg
1116-46,/1116-46/1116-46_010.jpg
1116-46,/1116-46/1116-46_011.jpg
13105,/13105/13105_001.jpg
1314,/1314/1314_001.jpg
13167,/13167/13167_001.jpg
13169,/13169/13169_001.jpg
13170,/13170/13170_001.jpg
13171,/13171/13171_001.jpg
13171,/13171/13171_002.jpeg
13172,/13172/13172_001.jpg
13173,/13173/13173_001.jpg
132-48,/132-48/132-48_001.jpg
19208,/19208/19208_001.jpeg
19208,/19208/19208_002.jpeg
19208,/19208/19208_003.jpeg
19208,/19208/19208_004.jpeg
19208,/19208/19208_005.jpg
199,/199/199_001.jpg
199,/199/199_002.jpg
268-52,/268-52/268-52_001.jpg
269-46,/269-46/269-46_001.jpg
27433,/27433/27433_001.jpeg
27433,/27433/27433_002.jpeg
27433,/27433/27433_003.jpeg
27433,/27433/27433_004.jpeg
27433,/27433/27433_005.jpeg
27433,/27433/27433_006.jpeg
3628,/3628/3628_001.jpeg
3628,/3628/3628_002.jpeg
3628,/3628/3628_003.jpeg
3628,/3628/3628_004.jpeg
3631,
3632,/3632/3632_001.jpg
3632,/3632/3632_002.jpg
3633,
444-8,/444-8/444-8_001.jpeg
444-8,/444-8/444-8_002.jpeg
444-8,/444-8/444-8_003.jpeg
444-8,/444-8/444-8_004.jpeg
444-8,/444-8/444-8_005.jpeg
541-48,/541-48/541-48_001.jpg
541-48,/541-48/541-48_002.jpg
541-48,/541-48/541-48_003.jpg
541-48,/541-48/541-48_004.jpg
541-48,/541-48/541-48_005.jpg
543-52,/543-52/543-52_001.jpeg
543-52,/543-52/543-52_002.jpeg
543-52,/543-52/543-52_003.jpg
543-52,/543-52/543-52_004.jpg
543-52,/543-52/543-52_005.jpg
543-52,/543-52/543-52_006.jpg
543-52,/543-52/543-52_007.jpg
543-52,/543-52/543-52_008.jpg
543-52,/543-52/543-52_009.jpg
543-52,/543-52/543-52_010.jpg
602-40,/602-40/602-40_001.jpeg
602-40,/602-40/602-40_002.jpeg
602-40,/602-40/602-40_003.jpeg
602-40,/602-40/602-40_004.jpeg
602-40,/602-40/602-40_005.jpeg
602-40,/602-40/602-40_006.jpeg
602-40,/602-40/602-40_007.jpeg
636-46,/636-46/636-46_001.jpg
642-50,/642-50/642-50_001.jpg
642-50,/642-50/642-50_002.jpg
642-50,/642-50/642-50_003.jpeg
642-50,/642-50/642-50_004.jpg
642-50,/642-50/642-50_005.jpg
642-50,/642-50/642-50_006.jpg
658-50,/658-50/658-50_001.jpg
679-48,/679-48/679-48_001.jpg
679-48,/679-48/679-48_002.jpg
679-48,/679-48/679-48_003.jpg
679-48,/679-48/679-48_004.jpg
679-48,/679-48/679-48_005.jpg
679-48,/679-48/679-48_006.jpg
693-46,/693-46/693-46_001.jpeg
693-46,/693-46/693-46_002.jpeg
693-46,/693-46/693-46_003.jpeg
693-46,/693-46/693-46_004.jpeg
693-46,/693-46/693-46_005.jpeg
693-46,/693-46/693-46_006.jpeg
693-46,/693-46/693-46_007.jpeg
693-46,/693-46/693-46_008.jpeg
693-46,/693-46/693-46_009.jpeg
693-52,/693-52/693-52_001.jpeg
693-52,/693-52/693-52_002.jpeg
693-52,/693-52/693-52_003.jpeg
693-52,/693-52/693-52_004.jpeg
693-52,/693-52/693-52_005.jpeg
693-52,/693-52/693-52_006.jpeg
693-52,/693-52/693-52_007.jpeg
693-52,/693-52/693-52_008.jpeg
693-52,/693-52/693-52_009.jpeg
707-52,/707-52/707-52_001.jpeg
707-52,/707-52/707-52_002.jpeg
707-52,/707-52/707-52_003.jpeg
707-52,/707-52/707-52_004.jpeg
707-52,/707-52/707-52_005.jpeg
72-11,/72-11/72-11_001.jpeg
72-11,/72-11/72-11_002.jpeg
72-13,/72-13/72-13_001.jpeg
72-13,/72-13/72-13_002.jpeg
740-52,/740-52/740-52_001.jpeg
82-12,/82-12/82-12_001.jpg
82-12,/82-12/82-12_002.jpg
82-7,/82-7/82-7_001.jpg
8201,
8208,
821-52,/821-52/821-52_001.jpg
8247,/8247/8247_001.jpeg
8247,/8247/8247_002.jpeg
8247,/8247/8247_003.jpeg
8247,/8247/8247_004.jpeg
8247,/8247/8247_005.jpeg
8247,/8247/8247_006.jpeg
8247,/8247/8247_007.jpeg
8306,/8306/8306_001.jpg
8310,/8310/8310_001.jpg
8332,/8332/8332_001.jpeg
8332,/8332/8332_002.jpeg
8332,/8332/8332_003.jpeg
8332,/8332/8332_004.jpeg
8332,/8332/8332_005.jpeg
8332,/8332/8332_006.jpeg
949-48,/949-48/949-48_001.jpeg
949-48,/949-48/949-48_002.jpeg
949-48,/949-48/949-48_003.jpeg
949-48,/949-48/949-48_004.jpeg
994-52,/994-52/994-52_001.jpg
994-52,/994-52/994-52_002.jpg
994-52,/994-52/994-52_003.jpg
995-46,/995-46/995-46_001.jpg
995-46,/995-46/995-46_002.jpg
995-46,/995-46/995-46_003.jpg
995-46,/995-46/995-46_004.jpg
995-46,/995-46/995-46_005.jpg
995-46,/995-46/995-46_006.jpg
995-46,/995-46/995-46_007.jpg
995-46,/995-46/995-46_008.jpg
995-46,/995-46/995-46_009.jpg
10832,/10832/10832_001.jpeg
10832,/10832/10832_002.jpeg
10832,/10832/10832_003.jpeg
10832,/10832/10832_004.jpeg
10832,/10832/10832_005.jpeg
10832,/10832/10832_006.jpeg
10834,/10834/10834_001.jpeg
10834,/10834/10834_002.jpeg
10834,/10834/10834_003.jpeg
10834,/10834/10834_004.jpeg
10834,/10834/10834_005.jpeg
10834,/10834/10834_006.jpeg
10834,/10834/10834_007.jpeg
10954,/10954/10954_001.jpeg
10954,/10954/10954_002.jpeg
10954,/10954/10954_003.jpeg
10954,/10954/10954_004.jpeg
10954,/10954/10954_005.jpeg
10954,/10954/10954_006.jpeg
10954,/10954/10954_007.jpeg
10954,/10954/10954_008.jpeg
15125,/15125/15125_001.jpg
15125,/15125/15125_002.jpg
15125,/15125/15125_003.jpg
15125,/15125/15125_004.jpg
15125,/15125/15125_005.jpg
15125,/15125/15125_006.jpg
153,/153/153_001.jpeg
153,/153/153_002.jpeg
1539,/1539/1539_001.jpeg
1539,/1539/1539_002.jpeg
1539,/1539/1539_003.jpeg
1539,/1539/1539_004.jpeg
1539,/1539/1539_005.jpeg
15414,/15414/15414_001.jpeg
15414,/15414/15414_002.jpeg
15414,/15414/15414_003.jpeg
15414,/15414/15414_004.jpeg
15511,/15511/15511_001.jpeg
15511,/15511/15511_002.jpeg
15512,/15512/15512_001.jpeg
15512,/15512/15512_002.jpeg
15733,/15733/15733_001.jpg
15735,/15735/15735_001.jpg
15795,/15795/15795_001.jpeg
15795,/15795/15795_002.jpeg
18427,/18427/18427_001.jpg
18427,/18427/18427_002.jpg
18427,/18427/18427_003.jpg
18427,/18427/18427_004.jpg
18427,/18427/18427_005.jpg
18427,/18427/18427_006.jpg
18431,/18431/18431_001.jpg
18431,/18431/18431_002.jpg
18431,/18431/18431_003.jpg
18431,/18431/18431_004.jpg
18511,/18511/18511_001.jpg
1852,/1852/1852_001.jpeg
1852,/1852/1852_002.jpeg
1852,/1852/1852_003.jpeg
1852,/1852/1852_004.jpeg
1852,/1852/1852_005.jpeg
1852,/1852/1852_006.jpeg
1852,/1852/1852_007.jpeg
19203,/19203/19203_001.jpeg
19203,/19203/19203_002.jpeg
19203,/19203/19203_003.jpeg
19203,/19203/19203_004.jpeg
19203,/19203/19203_005.jpeg
19203,/19203/19203_006.jpeg
19203,/19203/19203_007.jpeg
19205,/19205/19205_001.jpeg
19205,/19205/19205_002.jpeg
19205,/19205/19205_003.jpeg
19205,/19205/19205_004.jpeg
19205,/19205/19205_005.jpeg
19205,/19205/19205_006.jpeg
19205,/19205/19205_007.jpeg
19205,/19205/19205_008.jpeg
20123,/20123/20123_001.jpg
20550,/20550/20550_001.jpg
21411,/21411/21411_001.jpg
21411,/21411/21411_002.jpeg
21411,/21411/21411_003.jpg
21411,/21411/21411_004.jpg
21411,/21411/21411_005.jpg
21412,/21412/21412_001.jpg
21412,/21412/21412_002.jpg
21412,/21412/21412_003.jpg
21412,/21412/21412_004.jpg
21447,/21447/21447_001.jpg
21447,/21447/21447_002.jpg
2163,/2163/2163_001.jpeg
2163,/2163/2163_002.jpeg
21910,/21910/21910_001.jpeg
21910,/21910/21910_002.jpeg
21910,/21910/21910_003.jpeg
21927,/21927/21927_001.jpeg
21927,/21927/21927_002.jpeg
21927,/21927/21927_003.jpeg
21927,/21927/21927_004.jpeg
21927,/21927/21927_005.jpeg
2272,/2272/2272_001.jpeg
2272,/2272/2272_002.jpeg
2272,/2272/2272_003.jpeg
2272,/2272/2272_004.jpeg
2272,/2272/2272_005.jpeg
2272,/2272/2272_006.jpeg
2306,/2306/2306_001.jpg
2368,/2368/2368_001.jpeg
2368,/2368/2368_002.jpeg
2368,/2368/2368_003.jpeg
2368,/2368/2368_004.jpeg
2368,/2368/2368_005.jpeg
2368,/2368/2368_006.jpeg
25344,/25344/25344_001.jpeg
25344,/25344/25344_002.jpeg
25344,/25344/25344_003.jpeg
25344,/25344/25344_004.jpeg
25344,/25344/25344_005.jpeg
25344,/25344/25344_006.jpeg
25344,/25344/25344_007.jpeg
25345,/25345/25345_001.jpeg
25345,/25345/25345_002.jpeg
25349,/25349/25349_001.jpeg
25349,/25349/25349_002.jpeg
25349,/25349/25349_003.jpeg
25377,/25377/25377_001.jpeg
25377,/25377/25377_002.jpeg
25377,/25377/25377_003.jpeg
25377,/25377/25377_004.jpeg
25377,/25377/25377_005.jpeg
4100,/4100/4100_001.jpg
4100,/4100/4100_002.jpg
4100,/4100/4100_003.jpg
4100,/4100/4100_004.jpg
4102,/4102/4102_001.jpeg
4102,/4102/4102_002.jpeg
4102,/4102/4102_003.jpeg
4102,/4102/4102_004.jpeg
4102,/4102/4102_005.jpeg
4102,/4102/4102_006.jpeg
4102,/4102/4102_007.jpeg
4103,/4103/4103_001.jpeg
4103,/4103/4103_002.jpeg
4103,/4103/4103_003.jpeg
4103,/4103/4103_004.jpeg
4103,/4103/4103_005.jpeg
4104,/4104/4104_001.jpg
4104,/4104/4104_002.jpg
4104,/4104/4104_003.jpg
4104,/4104/4104_004.jpg
4106,/4106/4106_001.jpg
4106,/4106/4106_002.jpg
4106,/4106/4106_003.jpg
4106,/4106/4106_004.jpg
4137,/4137/4137_001.jpg
4138,/4138/4138_001.jpg
4153,/4153/4153_001.jpg
4153,/4153/4153_002.jpg
4153,/4153/4153_003.jpg
4153,/4153/4153_004.jpg
4154,/4154/4154_001.jpg
4154,/4154/4154_002.jpg
4154,/4154/4154_003.jpg
4154,/4154/4154_004.jpg
4160,/4160/4160_001.jpg
4160,/4160/4160_002.jpg
4160,/4160/4160_003.jpg
4160,/4160/4160_004.jpg
4161,/4161/4161_001.jpeg
4161,/4161/4161_002.jpeg
4161,/4161/4161_003.jpeg
5649,/5649/5649_001.jpeg
5649,/5649/5649_002.jpeg
5649,/5649/5649_003.jpeg
5649,/5649/5649_004.jpeg
5649,/5649/5649_005.jpeg
5649,/5649/5649_006.jpeg
5658,/5658/5658_001.jpg
5658,/5658/5658_002.jpg
5658,/5658/5658_003.jpg
5658,/5658/5658_004.jpg
5658,/5658/5658_005.jpg
5658,/5658/5658_006.jpg
5658,/5658/5658_007.jpg
5658,/5658/5658_008.jpg
5658,/5658/5658_009.jpg
5658,/5658/5658_010.jpg
5852,/5852/5852_001.jpg
5856,/5856/5856_001.jpeg
5856,/5856/5856_002.jpeg
5856,/5856/5856_003.jpeg
5856,/5856/5856_004.jpeg
5856,/5856/5856_005.jpeg
5856,/5856/5856_006.jpeg
5912,/5912/5912_001.jpg
5912,/5912/5912_002.jpg
5912,/5912/5912_003.jpg
5912,/5912/5912_004.jpg
5912,/5912/5912_005.jpg
5912,/5912/5912_006.jpg
5912,/5912/5912_007.jpg
5912,/5912/5912_008.jpg
5912,/5912/5912_009.jpg
6589,/6589/6589_001.jpg
6589,/6589/6589_002.jpg
6589,/6589/6589_003.jpg
6589,/6589/6589_004.jpg
6596,/6596/6596_001.jpg
6597,/6597/6597_001.jpg
6598,/6598/6598_001.jpg
6599,/6599/6599_001.jpg
6599,/6599/6599_002.jpg
6599,/6599/6599_003.jpg
6599,/6599/6599_004.jpg
70571,/70571/70571_001.jpeg
70571,/70571/70571_002.jpeg
70571,/70571/70571_003.jpeg
70571,/70571/70571_004.jpeg
70571,/70571/70571_005.jpeg
70571,/70571/70571_006.jpeg
70590,/70590/70590_001.jpeg
70590,/70590/70590_002.jpeg
70590,/70590/70590_003.jpeg
70590,/70590/70590_004.jpeg
70590,/70590/70590_005.jpeg
70590,/70590/70590_006.jpeg
70590,/70590/70590_007.jpeg
70723,/70723/70723_001.jpeg
70723,/70723/70723_002.jpeg
70723,/70723/70723_003.jpeg
70723,/70723/70723_004.jpeg
70723,/70723/70723_005.jpeg
70723,/70723/70723_006.jpeg
70723,/70723/70723_007.jpeg
7242,/7242/7242_001.jpg
7242,/7242/7242_002.jpg
7242,/7242/7242_003.jpg
7242,/7242/7242_004.jpg
7244,/7244/7244_001.jpeg
7244,/7244/7244_002.jpeg
7244,/7244/7244_003.jpeg
8282,/8282/8282_001.jpeg
8282,/8282/8282_002.jpeg
8282,/8282/8282_003.jpeg
8282,/8282/8282_004.jpeg
8282,/8282/8282_005.jpeg
8357,/8357/8357_001.jpeg
8357,/8357/8357_002.jpeg
8357,/8357/8357_003.jpeg
8357,/8357/8357_004.jpeg
8357,/8357/8357_005.jpeg
8357,/8357/8357_006.jpeg
8511,/8511/8511_001.jpeg
8511,/8511/8511_002.jpeg
8511,/8511/8511_003.jpeg
8511,/8511/8511_004.jpeg
8511,/8511/8511_005.jpeg
8511,/8511/8511_006.jpeg
8511,/8511/8511_007.jpeg
8515,/8515/8515_001.jpeg
8515,/8515/8515_002.jpeg
8515,/8515/8515_003.jpeg
8515,/8515/8515_004.jpeg
8515,/8515/8515_005.jpeg
8515,/8515/8515_006.jpeg
8515,/8515/8515_007.jpeg
8517,/8517/8517_001.jpeg
8517,/8517/8517_002.jpeg
8517,/8517/8517_003.jpeg
8517,/8517/8517_004.jpeg
8517,/8517/8517_005.jpeg
8517,/8517/8517_006.jpeg
8517,/8517/8517_007.jpeg
8517,/8517/8517_008.jpeg
8517,/8517/8517_009.jpeg
8517,/8517/8517_010.jpeg
8517,/8517/8517_011.jpeg
8519,/8519/8519_001.jpeg
8519,/8519/8519_002.jpeg
8519,/8519/8519_003.jpeg
8519,/8519/8519_004.jpeg
8519,/8519/8519_005.jpeg
8519,/8519/8519_006.jpeg
8519,/8519/8519_007.jpeg
8519,/8519/8519_008.jpeg
8519,/8519/8519_009.jpeg
8519,/8519/8519_010.jpeg
8524,/8524/8524_001.jpeg
8524,/8524/8524_002.jpeg
8524,/8524/8524_003.jpeg
8524,/8524/8524_004.jpeg
8524,/8524/8524_005.jpeg
8524,/8524/8524_006.jpeg
8524,/8524/8524_007.jpeg
8528,/8528/8528_001.jpeg
8528,/8528/8528_002.jpeg
8528,/8528/8528_003.jpeg
8528,/8528/8528_004.jpeg
8528,/8528/8528_005.jpeg
8528,/8528/8528_006.jpeg
8528,/8528/8528_007.jpeg
8687,/8687/8687_001.jpeg
8687,/8687/8687_002.jpeg
8687,/8687/8687_003.jpeg
8687,/8687/8687_004.jpeg
8687,/8687/8687_005.jpeg
20141,/20141/20141_001.jpeg
20141,/20141/20141_002.jpeg
20141,/20141/20141_003.jpeg
20141,/20141/20141_004.jpeg
20141,/20141/20141_005.jpeg
20141,/20141/20141_006.jpeg
8336,/8336/8336_001.jpg
8337,/8337/8337_001.jpg
8338,/8338/8338_001.jpg
131,/131/131_001.jpeg
131,/131/131_002.jpeg
131,/131/131_003.jpeg
131,/131/131_004.jpeg
131,/131/131_005.jpeg
131,/131/131_006.jpeg
13130,/13130/13130_001.jpeg
13130,/13130/13130_002.jpeg
13130,/13130/13130_003.jpeg
13130,/13130/13130_004.jpeg
13130,/13130/13130_005.jpeg
13130,/13130/13130_006.jpeg
13160,/13160/13160_001.jpeg
13160,/13160/13160_002.jpeg
13160,/13160/13160_003.jpeg
13160,/13160/13160_004.jpeg
13160,/13160/13160_005.jpeg
13160,/13160/13160_006.jpeg
14420,/14420/14420_001.jpg
14510,/14510/14510_001.jpg
14512,/14512/14512_001.jpg
27600,/27600/27600_001.jpeg
27600,/27600/27600_002.jpeg
27600,/27600/27600_003.jpeg
27600,/27600/27600_004.jpeg
27600,/27600/27600_005.jpeg
27600,/27600/27600_006.jpeg
27600,/27600/27600_007.jpeg
27600,/27600/27600_008.jpeg
50-22,/50-22/50-22_001.jpg
50-22,/50-22/50-22_002.jpg
50-22,/50-22/50-22_003.jpg
50-22,/50-22/50-22_004.jpg
50-22,/50-22/50-22_005.jpg
669-46,/669-46/669-46_001.jpeg
669-46,/669-46/669-46_002.jpeg
669-46,/669-46/669-46_003.jpeg
669-46,/669-46/669-46_004.jpeg
669-46,/669-46/669-46_005.jpeg
669-46,/669-46/669-46_006.jpeg
669-46,/669-46/669-46_007.jpeg
669-46,/669-46/669-46_008.jpeg
669-46,/669-46/669-46_009.jpeg
8110,/8110/8110_001.jpg
8140,/8140/8140_001.jpg
8145,/8145/8145_001.jpeg
8145,/8145/8145_002.jpeg
8145,/8145/8145_003.jpeg
8145,/8145/8145_004.jpeg
8145,/8145/8145_005.jpeg
8145,/8145/8145_006.jpeg
8145,/8145/8145_007.jpeg
8211,/8211/8211_001.jpg
8216,/8216/8216_001.jpg
8263,/8263/8263_001.jpeg
8263,/8263/8263_002.jpeg
8263,/8263/8263_003.jpeg
8263,/8263/8263_004.jpeg
8342,/8342/8342_001.jpeg
8342,/8342/8342_002.jpeg
8342,/8342/8342_003.jpeg
8342,/8342/8342_004.jpeg
8342,/8342/8342_005.jpeg
8376,/8376/8376_001.jpeg
8376,/8376/8376_002.jpeg
8376,/8376/8376_003.jpeg
8376,/8376/8376_004.jpeg
8376,/8376/8376_005.jpeg
8376,/8376/8376_006.jpeg
8391,/8391/8391_001.jpg
8471,/8471/8471_001.jpeg
8492,/8492/8492_001.jpeg
8492,/8492/8492_002.jpeg
8492,/8492/8492_003.jpeg
8492,/8492/8492_004.jpeg
8492,/8492/8492_005.jpeg
8690,/8690/8690_001.jpg
8888,/8888/8888_001.jpeg
8888,/8888/8888_002.jpeg
8888,/8888/8888_003.jpeg
8888,/8888/8888_004.jpeg
8888,/8888/8888_005.jpeg
8914,/8914/8914_001.jpeg
8914,/8914/8914_002.jpeg
8914,/8914/8914_003.jpeg
8914,/8914/8914_004.jpeg
8914,/8914/8914_005.jpeg
15279,/15279/15279_001.jpg
15280,/15280/15280_001.jpg
15314,/15314/15314_001.jpg
15317,/15317/15317_001.jpg
15333,/15333/15333_001.jpg
18411,/18411/18411_001.jpg
18412,/18412/18412_001.jpg
18416,/18416/18416_001.jpg
18417,/18417/18417_001.jpg
22701,/22701/22701_001.jpg
4190,
19219,/19219/19219_001.jpg
19219,/19219/19219_002.jpg
19219,/19219/19219_003.jpg
19219,/19219/19219_004.jpg
19219,/19219/19219_005.jpg
19219,/19219/19219_006.jpg
19219,/19219/19219_007.jpg
19220,/19220/19220_001.jpg
19220,/19220/19220_002.jpg
19220,/19220/19220_003.jpeg
19220,/19220/19220_004.jpg
19220,/19220/19220_005.jpg
19220,/19220/19220_006.jpg
19225,/19225/19225_001.jpg
19225,/19225/19225_002.jpg
19225,/19225/19225_003.jpg
19225,/19225/19225_004.jpg
19225,/19225/19225_005.jpg
19225,/19225/19225_006.jpg
70586,/70586/70586_001.jpg
70587,/70587/70587_001.jpg
70663,/70663/70663_001.jpg
70672,/70672/70672_001.jpg
ALLEN2020CAT,/ALLEN2020CAT/ALLEN2020CAT_001.jpg
CAT21NOPRICE,
2274,/2274/2274_001.jpeg
2274,/2274/2274_002.jpeg
2274,/2274/2274_003.jpeg
2274,/2274/2274_004.jpeg
2274,/2274/2274_005.jpeg
2316,/2316/2316_001.jpeg
2325,/2325/2325_001.jpeg
2325,/2325/2325_002.jpeg
2325,/2325/2325_003.jpeg
2325,/2325/2325_004.jpeg
2325,/2325/2325_005.jpeg
2325,/2325/2325_006.jpeg
2336,/2336/2336_001.jpeg
2336,/2336/2336_002.jpeg
2336,/2336/2336_003.jpeg
2336,/2336/2336_004.jpeg
2354,/2354/2354_001.jpeg
2354,/2354/2354_002.jpeg
2354,/2354/2354_003.jpeg
2354,/2354/2354_004.jpeg
2354,/2354/2354_005.jpeg
8421,/8421/8421_001.jpeg
8421,/8421/8421_002.jpeg
8421,/8421/8421_003.jpeg
11302-01-0,
21305,
21305-L/XL,
21305-S/M,
31305,
31306LG,
31306SL,
11606XL,
21352L,
31013M,
31352M,
STRIKEONEMAGSS,
STRIKEONE919SS,
AXOR-BAG,
BP20,/BP20/BP20_001.png
BP20,/BP20/BP20_002.png
BP20,/BP20/BP20_003.png
BP20BARREL,
BP20SBARREL,
BP20SW,/BP20SW/BP20SW_001.jpg
BP20SW,/BP20SW/BP20SW_002.jpg
BP20SW,/BP20SW/BP20SW_003.jpg
BP20W,/BP20W/BP20W_001.jpg
BP20W,/BP20W/BP20W_002.jpg
BP20W,/BP20W/BP20W_003.jpg
BP20W,/BP20W/BP20W_004.jpg
BP28,/BP28/BP28_001.png
BP28,/BP28/BP28_002.png
BP28,/BP28/BP28_003.png
BP28BARREL,
BP28SBARREL,
BP28W,/BP28W/BP28W_001.jpg
BP28W,/BP28W/BP28W_002.jpg
BP28W,/BP28W/BP28W_003.jpg
BP28W,/BP28W/BP28W_004.jpg
BPBOLT,
BPSPFORE,/BPSPFORE/BPSPFORE_001.png
BPSPFOREW,/BPSPFOREW/BPSPFOREW_001.png
BPSPSTOCK,/BPSPSTOCK/BPSPSTOCK_001.png
BPSPSTOCKW,/BPSPSTOCKW/BPSPSTOCKW_001.png
BPSPXTFDEFORE,
BPSPXTFDESTOCK,
BPSPXTFORE,/BPSPXTFORE/BPSPXTFORE_001.png
BPSPXTSTOCK,/BPSPXTSTOCK/BPSPXTSTOCK_001.png
BPXT,/BPXT/BPXT_001.png
BPXT,/BPXT/BPXT_002.png
BPXT,/BPXT/BPXT_003.jpg
BPXT,/BPXT/BPXT_004.jpg
BPXT,/BPXT/BPXT_005.png
BPXTBARREL20,
BPXTBARREL20BB,
BPXTBARREL20S,
BPXTBARREL28,
BPXTBARREL28BB,
BPXTBARREL28S,
BPXTBB,/BPXTBB/BPXTBB_001.jpg
BPXTBB,/BPXTBB/BPXTBB_002.jpg
BPXTBB,/BPXTBB/BPXTBB_003.jpg
BPXTFDE,
BPXTS,/BPXTS/BPXTS_001.jpg
BPXTS,/BPXTS/BPXTS_002.jpg
BPXTS,/BPXTS/BPXTS_003.jpg
BPXTTEAM,
BPBREAKBUTTON,
BPCHARGE,
BPCHOKEBOX,
BPEXTCHOKE,
BPFOSIGHT,
BPGASPISTON,
BPHEAVYGAS,
BPMAGCAP,
BPMAGEX,
BPMAGRELEASE,
BPMAINSPRING,
BPOPROD,
BPRELEASE,
BPSTICKER,
BPTRIGGROUP,
BC-3545CLN-KIT,
BC-37216T,
BC-41510,
BC-41511,
BC-41512,
BC-41513,
BC-41514,
BC-41515,
BC-41516,
BC-41517,
BC-41518,
BC-41519,
BC-41520,
BC-41521,
BC-41522,
BC-41523,
BC-41524,
BC-41525,
BC-41526,
BC-41527,
BC-41528,
BC-41529,
BC-41530,
BC-41579,/BC-41579/BC-41579_001.png
BC-41580,/BC-41580/BC-41580_001.png
BC-47661,/BC-47661/BC-47661_001.png
BC-47662,/BC-47662/BC-47662_001.png
BC-47663,/BC-47663/BC-47663_001.png
BC-47700,/BC-47700/BC-47700_001.png
BC-47702,/BC-47702/BC-47702_001.png
BC-47703,/BC-47703/BC-47703_001.png
BC-47704,/BC-47704/BC-47704_001.png
BC-47705,/BC-47705/BC-47705_001.png
BC-47706,/BC-47706/BC-47706_001.png
BC-47707,/BC-47707/BC-47707_001.png
BC-47708,/BC-47708/BC-47708_001.png
BC-47709,/BC-47709/BC-47709_001.png
BC-47710,/BC-47710/BC-47710_001.png
BC-47711,/BC-47711/BC-47711_001.png
BC-47712,/BC-47712/BC-47712_001.png
BC-47713,/BC-47713/BC-47713_001.png
BC-47714,/BC-47714/BC-47714_001.png
BC-47715,/BC-47715/BC-47715_001.png
BC-47716,/BC-47716/BC-47716_001.png
BC-47717,/BC-47717/BC-47717_001.png
BC-47718,/BC-47718/BC-47718_001.png
BC-47719,/BC-47719/BC-47719_001.png
BC-47720,/BC-47720/BC-47720_001.png
BC-47721,/BC-47721/BC-47721_001.png
BC-CFGSTH,/BC-CFGSTH/BC-CFGSTH_001.png
BC-CFGSTH2,/BC-CFGSTH2/BC-CFGSTH2_001.png
BC-DCTR-12GA,/BC-DCTR-12GA/BC-DCTR-12GA_001.png
BC-DCTR-223,/BC-DCTR-223/BC-DCTR-223_001.png
BC-DCTR-22LR,/BC-DCTR-22LR/BC-DCTR-22LR_001.png
BC-DCTR-300BO,/BC-DCTR-300BO/BC-DCTR-300BO_001.png
BC-DCTR-308,/BC-DCTR-308/BC-DCTR-308_001.png
BC-DCTR-762,/BC-DCTR-762/BC-DCTR-762_001.png
BC-DCTR-9MM,/BC-DCTR-9MM/BC-DCTR-9MM_001.png
BC-PAINT-WHT,/BC-PAINT-WHT/BC-PAINT-WHT_001.png
BC-RND10-38,/BC-RND10-38/BC-RND10-38_001.png
BC-RND12-38,/BC-RND12-38/BC-RND12-38_001.png
BC-RND15-38,/BC-RND15-38/BC-RND15-38_001.png
BC-RND4-38,/BC-RND4-38/BC-RND4-38_001.png
BC-RND6-38,/BC-RND6-38/BC-RND6-38_001.png
BC-RND8-38,/BC-RND8-38/BC-RND8-38_001.png
BC-SQR10-38,/BC-SQR10-38/BC-SQR10-38_001.png
BC-SQR4-38,/BC-SQR4-38/BC-SQR4-38_001.png
BC-SQR6-38,/BC-SQR6-38/BC-SQR6-38_001.png
BC-SQR8-38,/BC-SQR8-38/BC-SQR8-38_001.png
BC-TPTH,/BC-TPTH/BC-TPTH_001.png
BC-41603,/BC-41603/BC-41603_001.jpg
BC-1051303,
BC-13125,/BC-13125/BC-13125_001.png
BC-13132,/BC-13132/BC-13132_001.png
BC-13201,/BC-13201/BC-13201_001.png
BC-13322,/BC-13322/BC-13322_001.png
BC-13425,/BC-13425/BC-13425_001.png
BC-13432,/BC-13432/BC-13432_001.jpg
BC-13525,/BC-13525/BC-13525_001.png
BC-14130,/BC-14130/BC-14130_001.jpg
BC-16125,/BC-16125/BC-16125_001.png
BC-41104,/BC-41104/BC-41104_001.jpg
BC-41108,/BC-41108/BC-41108_001.jpg
BC-41110,/BC-41110/BC-41110_001.png
BC-41110,/BC-41110/BC-41110_002.png
BC-41601,/BC-41601/BC-41601_001.jpg
BC-ARCLN-KIT,/BC-ARCLN-KIT/BC-ARCLN-KIT_001.jpg
BC-HNDGCLN-KIT,/BC-HNDGCLN-KIT/BC-HNDGCLN-KIT_001.jpg
BC-RIFCLN-KIT,/BC-RIFCLN-KIT/BC-RIFCLN-KIT_001.jpg
BC-SHGCLN-KIT,/BC-SHGCLN-KIT/BC-SHGCLN-KIT_001.jpg
BC-16225,/BC-16225/BC-16225_001.png
BC-16238,/BC-16238/BC-16238_001.jpg
BC-33302,/BC-33302/BC-33302_001.png
BC-33340,/BC-33340/BC-33340_001.jpg
BC-33340,/BC-33340/BC-33340_002.jpg
BC-33340,/BC-33340/BC-33340_003.png
BC-33344,/BC-33344/BC-33344_001.png
BC-33632,/BC-33632/BC-33632_001.png
BC-33640,/BC-33640/BC-33640_001.png
BC-33643,/BC-33643/BC-33643_001.png
BC-33745,/BC-33745/BC-33745_001.png
BC-33845,/BC-33845/BC-33845_001.png
BC-30250,/BC-30250/BC-30250_001.png
BC-30350,/BC-30350/BC-30350_001.png
BC-41420,
BC-41421,
BC-41430,
BC-41431,
BC-41432,
BC-41433,
BC-41440,
BC-41441,
BC-41442,
BC-41443,
BC-41450,
BC-41460,
BC-41507,/BC-41507/BC-41507_001.jpg
BC-47422,/BC-47422/BC-47422_001.png
BC-CF-KYL-12,/BC-CF-KYL-12/BC-CF-KYL-12_001.jpg
BC-CF-KYL-12,/BC-CF-KYL-12/BC-CF-KYL-12_002.jpg
BC-CF-KYL-38,/BC-CF-KYL-38/BC-CF-KYL-38_001.jpg
BC-GSFS,/BC-GSFS/BC-GSFS_001.png
BC-GSFS,/BC-GSFS/BC-GSFS_002.png
BC-TP38DT,/BC-TP38DT/BC-TP38DT_001.png
BC-TPGTM,/BC-TPGTM/BC-TPGTM_001.png
BC-TRGLCK,/BC-TRGLCK/BC-TRGLCK_001.png
BC-TRQL,/BC-TRQL/BC-TRQL_001.png
BC-30001,/BC-30001/BC-30001_001.png
BC-31002,/BC-31002/BC-31002_001.png
BC-GCLTH-LG,/BC-GCLTH-LG/BC-GCLTH-LG_001.jpg
BC-RLREM,/BC-RLREM/BC-RLREM_001.png
BC-UNVCLN-KIT,/BC-UNVCLN-KIT/BC-UNVCLN-KIT_001.png
BC-UNVCLN-KIT,/BC-UNVCLN-KIT/BC-UNVCLN-KIT_002.png
BC-UNVCLN-KIT,/BC-UNVCLN-KIT/BC-UNVCLN-KIT_003.png
BC-13701,/BC-13701/BC-13701_001.jpg
BC-13801,/BC-13801/BC-13801_001.jpg
BC-20001,/BC-20001/BC-20001_001.jpg
BC-23225,/BC-23225/BC-23225_001.jpg
BC-23801,/BC-23801/BC-23801_001.jpg
BC-33128,/BC-33128/BC-33128_001.png
BC-33135,/BC-33135/BC-33135_001.png
BC-33140,/BC-33140/BC-33140_001.png
BC-33240,/BC-33240/BC-33240_001.png
BC-40140,/BC-40140/BC-40140_001.png
BC-44128,/BC-44128/BC-44128_001.png
BC-44140,/BC-44140/BC-44140_001.png
BC-40015,/BC-40015/BC-40015_001.png
BC-40125,/BC-40125/BC-40125_001.jpg
BC-41209,/BC-41209/BC-41209_001.jpg
BC-41210,/BC-41210/BC-41210_001.jpg
BC-41211,/BC-41211/BC-41211_001.jpg
BC-41212,/BC-41212/BC-41212_001.jpg
BC-41241,/BC-41241/BC-41241_001.jpg
BC-41242,/BC-41242/BC-41242_001.jpg
BC-41243,/BC-41243/BC-41243_001.jpg
BC-41244,/BC-41244/BC-41244_001.jpg
BC-41245,/BC-41245/BC-41245_001.jpg
BC-41246,/BC-41246/BC-41246_001.jpg
BC-41247,/BC-41247/BC-41247_001.jpg
BC-41248,/BC-41248/BC-41248_001.jpg
BC-41249,/BC-41249/BC-41249_001.jpg
BC-41250,/BC-41250/BC-41250_001.jpg
BC-41251,/BC-41251/BC-41251_001.jpg
BC-41267,/BC-41267/BC-41267_001.jpg
BC-41268,/BC-41268/BC-41268_001.jpg
BC-41269,/BC-41269/BC-41269_001.jpg
BC-41270,/BC-41270/BC-41270_001.jpg
BC-41280,/BC-41280/BC-41280_001.jpg
BC-41281,/BC-41281/BC-41281_001.jpg
BC-41282,/BC-41282/BC-41282_001.jpg
BC-41283,/BC-41283/BC-41283_001.jpg
BC-41284,/BC-41284/BC-41284_001.jpg
BC-41285,/BC-41285/BC-41285_001.jpg
BC-41301,/BC-41301/BC-41301_001.jpg
BC-41322,/BC-41322/BC-41322_001.jpg
BC-41323,/BC-41323/BC-41323_001.jpg
BC-41324,/BC-41324/BC-41324_001.jpg
BC-41325,/BC-41325/BC-41325_001.jpg
BC-41326,/BC-41326/BC-41326_001.jpg
BC-41327,/BC-41327/BC-41327_001.jpg
BC-41328,/BC-41328/BC-41328_001.jpg
BC-41332,/BC-41332/BC-41332_001.jpg
BC-41333,/BC-41333/BC-41333_001.jpg
BC-41350,/BC-41350/BC-41350_001.jpg
BC-41351,/BC-41351/BC-41351_001.jpg
BC-41352,/BC-41352/BC-41352_001.jpg
BC-41353,/BC-41353/BC-41353_001.jpg
BC-41354,/BC-41354/BC-41354_001.jpg
BC-41355,/BC-41355/BC-41355_001.jpg
BC-41356,/BC-41356/BC-41356_001.jpg
BC-41360,/BC-41360/BC-41360_001.jpg
BC-41361,/BC-41361/BC-41361_001.jpg
BC-41362,/BC-41362/BC-41362_001.jpg
BC-41363,/BC-41363/BC-41363_001.jpg
BC-41364,/BC-41364/BC-41364_001.jpg
BC-41370,/BC-41370/BC-41370_001.jpg
BC-41371,/BC-41371/BC-41371_001.jpg
BC-41372,/BC-41372/BC-41372_001.jpg
BC-34802,/BC-34802/BC-34802_001.jpg
BC-48301,/BC-48301/BC-48301_001.jpg
BC-DISPLAY-K,
BC-DISPLAY,
BC-15125,/BC-15125/BC-15125_001.jpg
BC-15225,/BC-15225/BC-15225_001.jpg
BC-41160,/BC-41160/BC-41160_001.png
BC-41162,/BC-41162/BC-41162_001.png
BC-41164,/BC-41164/BC-41164_001.png
BC-41166,/BC-41166/BC-41166_001.png
BC-41168,/BC-41168/BC-41168_001.png
BC-41403,/BC-41403/BC-41403_001.jpg
BC-41405,/BC-41405/BC-41405_001.jpg
BC-41407,/BC-41407/BC-41407_001.jpg
BC-41409,/BC-41409/BC-41409_001.jpg
BC-23035,/BC-23035/BC-23035_001.png
BC-23123,/BC-23123/BC-23123_001.png
BC-23132,/BC-23132/BC-23132_001.jpg
BC-23323,/BC-23323/BC-23323_001.jpg
BC-23422,/BC-23422/BC-23422_001.jpg
BC-23623,/BC-23623/BC-23623_001.png
BC-23723,/BC-23723/BC-23723_001.png
BC-24123,/BC-24123/BC-24123_001.png
BC-24323,/BC-24323/BC-24323_001.jpg
BC-34115,/BC-34115/BC-34115_001.jpg
BC-ASR,/BC-ASR/BC-ASR_001.jpg
BC-BSR,/BC-BSR/BC-BSR_001.jpg
BC-CSR,/BC-CSR/BC-CSR_001.jpg
BC-ESR,/BC-ESR/BC-ESR_001.png
BC-ESR,/BC-ESR/BC-ESR_002.png
BC-FMSR,/BC-FMSR/BC-FMSR_001.jpg
BC-GRF,/BC-GRF/BC-GRF_001.jpg
BC-SLGV,/BC-SLGV/BC-SLGV_001.jpg
BC-SRB-CMBO,/BC-SRB-CMBO/BC-SRB-CMBO_001.jpg
BC-SRWB-4PK,/BC-SRWB-4PK/BC-SRWB-4PK_001.jpg
BC-TSRB,/BC-TSRB/BC-TSRB_001.jpg
BC-UFRB-MED,/BC-UFRB-MED/BC-UFRB-MED_001.jpg
BC-UFRB-NRW,/BC-UFRB-NRW/BC-UFRB-NRW_001.jpg
BC-UFRB-WID,/BC-UFRB-WID/BC-UFRB-WID_001.jpg
BC-URBF,/BC-URBF/BC-URBF_001.jpg
BC-33901,/BC-33901/BC-33901_001.jpg
BC-33902,/BC-33902/BC-33902_001.jpg
BC-33903,/BC-33903/BC-33903_001.jpg
BC-33906,/BC-33906/BC-33906_001.jpg
BC-33916,/BC-33916/BC-33916_001.jpg
BC-34003,/BC-34003/BC-34003_001.jpg
BC-34012,/BC-34012/BC-34012_001.jpg
BC-34015,/BC-34015/BC-34015_001.jpg
BC-34018,/BC-34018/BC-34018_001.jpg
BC-34019,/BC-34019/BC-34019_001.jpg
BC-34022,/BC-34022/BC-34022_001.jpg
BC-34032,/BC-34032/BC-34032_001.jpg
BC-34075,/BC-34075/BC-34075_001.jpg
BC-34081,/BC-34081/BC-34081_001.jpg
BC-34105,/BC-34105/BC-34105_001.jpg
BC-34112,/BC-34112/BC-34112_001.jpg
BC-34175,/BC-34175/BC-34175_001.jpg
BC-34185,/BC-34185/BC-34185_001.jpg
BC-34186,/BC-34186/BC-34186_001.jpg
BC-34195,/BC-34195/BC-34195_001.jpg
BC-34202,/BC-34202/BC-34202_001.jpg
BC-34207,/BC-34207/BC-34207_001.jpg
BC-34208,/BC-34208/BC-34208_001.jpg
BC-34214,/BC-34214/BC-34214_001.jpg
BC-34219,/BC-34219/BC-34219_001.jpg
BC-34315,/BC-34315/BC-34315_001.jpg
BC-34375,/BC-34375/BC-34375_001.jpg
BC-34512,/BC-34512/BC-34512_001.jpg
BC-34550,/BC-34550/BC-34550_001.jpg
BC-34560,/BC-34560/BC-34560_001.jpg
BC-34605,/BC-34605/BC-34605_001.jpg
BC-34615,/BC-34615/BC-34615_001.jpg
BC-34617,/BC-34617/BC-34617_001.jpg
BC-34630,/BC-34630/BC-34630_001.jpg
BC-34645,/BC-34645/BC-34645_001.jpg
BC-34655,/BC-34655/BC-34655_001.jpg
BC-34710,/BC-34710/BC-34710_001.jpg
BC-34805,/BC-34805/BC-34805_001.jpg
BC-34806,/BC-34806/BC-34806_001.jpg
BC-34825,/BC-34825/BC-34825_001.jpg
BC-35270,/BC-35270/BC-35270_001.jpg
BC-37210,/BC-37210/BC-37210_001.jpg
BC-46101,/BC-46101/BC-46101_001.png
BC-47017,/BC-47017/BC-47017_001.jpg
BC-47021,/BC-47021/BC-47021_001.jpg
BC-47022,/BC-47022/BC-47022_001.jpg
BC-47044,/BC-47044/BC-47044_001.jpg
BC-47330,/BC-47330/BC-47330_001.jpg
BC-47421,/BC-47421/BC-47421_001.jpg
BC-47604,/BC-47604/BC-47604_001.jpg
BC-47615,/BC-47615/BC-47615_001.jpg
BC-48020,/BC-48020/BC-48020_001.jpg
BC-48022,/BC-48022/BC-48022_001.jpg
BC-48025,/BC-48025/BC-48025_001.jpg
BC-48026,/BC-48026/BC-48026_001.jpg
BC-48028,/BC-48028/BC-48028_001.jpg
BC-48030,/BC-48030/BC-48030_001.jpg
BC-49013,/BC-49013/BC-49013_001.png
BC-49048,/BC-49048/BC-49048_001.jpg
BC-49052,/BC-49052/BC-49052_001.jpg
BC-LCSPLR,/BC-LCSPLR/BC-LCSPLR_001.jpg
BC-LRBET-5PK,/BC-LRBET-5PK/BC-LRBET-5PK_001.jpg
BC-STPLR,/BC-STPLR/BC-STPLR_001.jpg
BC-TDSNC12-12PK,
BC-TDSNC12-25PK,
BC-TDSNC8-12PK,
BC-TDSNC8-25PK,
BC-TXSPT,/BC-TXSPT/BC-TXSPT_001.jpg
BC-42021,/BC-42021/BC-42021_001.jpg
BC-BSDS,/BC-BSDS/BC-BSDS_001.png
BC-BSDS,/BC-BSDS/BC-BSDS_002.jpg
BC-DLXSDS,/BC-DLXSDS/BC-DLXSDS_001.png
BC-DLXSDS,/BC-DLXSDS/BC-DLXSDS_002.jpg
BC-PROSDS,/BC-PROSDS/BC-PROSDS_001.jpg
BC-PROSDS,/BC-PROSDS/BC-PROSDS_002.png
BC-TRGSCL,/BC-TRGSCL/BC-TRGSCL_001.jpg
BC-TRQW,/BC-TRQW/BC-TRQW_001.png
BC-UGMT,/BC-UGMT/BC-UGMT_001.jpg
BC-UGMT,/BC-UGMT/BC-UGMT_002.png
BC-UGMT,/BC-UGMT/BC-UGMT_003.png
BC-UGMT,/BC-UGMT/BC-UGMT_004.png
BC-UGMT,/BC-UGMT/BC-UGMT_005.png
BC-UGMT,/BC-UGMT/BC-UGMT_006.png
BC-15111,/BC-15111/BC-15111_001.png
BC-15112,/BC-15112/BC-15112_001.png
BC-15116,/BC-15116/BC-15116_001.jpg
36642-R,/36642-R/36642-R_001.jpg
6212558,/6212558/6212558_001.jpg
160RDKIT,/160RDKIT/160RDKIT_001.jpg
160RDKIT,/160RDKIT/160RDKIT_002.jpg
160RDKIT,/160RDKIT/160RDKIT_003.jpg
160RDKIT,/160RDKIT/160RDKIT_004.jpg
161RDKIT,/161RDKIT/161RDKIT_001.jpg
161RDKIT,/161RDKIT/161RDKIT_002.jpg
161RDKIT,/161RDKIT/161RDKIT_003.jpg
161RDKIT,/161RDKIT/161RDKIT_004.jpg
2022-B24,/2022-B24/2022-B24_001.png
R1222-RWHP,/R1222-RWHP/R1222-RWHP_001.png
R1277-RWHP,/R1277-RWHP/R1277-RWHP_001.png
751I,/751I/751I_001.jpg
755I,/755I/755I_001.jpg
759I,
6212144,/6212144/6212144_001.jpg
803,/803/803_001.jpg
807,/807/807_001.jpg
814,/814/814_001.jpg
16-6169,/16-6169/16-6169_001.jpg
16-6224,/16-6224/16-6224_001.jpg
603A,/603A/603A_001.jpg
6212531,/6212531/6212531_001.jpg
16-7399,
16-7425,/16-7425/16-7425_001.jpg
16-7426,/16-7426/16-7426_001.jpg
16-7820,/16-7820/16-7820_001.jpg
16-7923,/16-7923/16-7923_001.jpg
16-9102,/16-9102/16-9102_001.jpg
16-9103,/16-9103/16-9103_001.jpg
16-9114,
167912,
27392,
LLND3X40-SZ,/LLND3X40-SZ/LLND3X40-SZ_001.jpg
LLND3X50,/LLND3X50/LLND3X50_001.jpg
16-7923,/16-7923/16-7923_001.jpg
16-9102,/16-9102/16-9102_001.jpg
16-9104,/16-9104/16-9104_001.jpg
R10PISTON,/R10PISTON/R10PISTON_001.jpg
R10REGSEAL,/R10REGSEAL/R10REGSEAL_001.jpg
SCORPSESEALKIT,/SCORPSESEALKIT/SCORPSESEALKIT_001.jpg
16-7923,/16-7923/16-7923_001.jpg
SDSBNATUR,
SDSBPPUMP,
BP0050A,/BP0050A/BP0050A_001.png
BP0100PX12,/BP0100PX12/BP0100PX12_001.png
BP0350A,/BP0350A/BP0350A_001.jpg
BP0350AX12,/BP0350AX12/BP0350AX12_001.jpg
BR0065G,/BR0065G/BR0065G_001.png
BR0065GX12,/BR0065GX12/BR0065GX12_001.png
BU0060A,/BU0060A/BU0060A_001.png
BU0060AX12,/BU0060AX12/BU0060AX12_001.png
BU0075G,/BU0075G/BU0075G_001.png
BU0130A,/BU0130A/BU0130A_001.png
BU0225A,/BU0225A/BU0225A_001.png
BU0225AX12,/BU0225AX12/BU0225AX12_001.png
BUSHNELLSIGN,/BUSHNELLSIGN/BUSHNELLSIGN_001.jpg
BUSHNELLSIGN2,/BUSHNELLSIGN2/BUSHNELLSIGN2_001.jpg
WARRANTYMAT,/WARRANTYMAT/WARRANTYMAT_001.jpg
WARRANTYSIGN,/WARRANTYSIGN/WARRANTYSIGN_001.jpg
WARRANTYSIGN2,/WARRANTYSIGN2/WARRANTYSIGN2_001.jpg
BSP-BANNER1,/BSP-BANNER1/BSP-BANNER1_001.jpg
20-1000-BC,/20-1000-BC/20-1000-BC_001.jpg
20-2018-BC,/20-2018-BC/20-2018-BC_001.jpg
20-2025-BC,/20-2025-BC/20-2025-BC_001.jpg
205100-BC,/205100-BC/205100-BC_001.jpg
BSP-119439BH,/BSP-119439BH/BSP-119439BH_001.jpg
BUP-232410EC,/BUP-232410EC/BUP-232410EC_001.jpg
BUP-233208EC,/BUP-233208EC/BUP-233208EC_001.jpg
BUP-233208TA,/BUP-233208TA/BUP-233208TA_001.jpg
BUP-ET3124F-BC,/BUP-ET3124F-BC/BUP-ET3124F-BC_001.jpg
234210-1-P,/234210-1-P/234210-1-P_001.jpg
BUP-730005BB,/BUP-730005BB/BUP-730005BB_001.jpg
BUP-730005BOL,/BUP-730005BOL/BUP-730005BOL_001.jpg
BUP-730005BS,/BUP-730005BS/BUP-730005BS_001.jpg
BUP-730005CAP,/BUP-730005CAP/BUP-730005CAP_001.jpg
BUP-730005NUT,/BUP-730005NUT/BUP-730005NUT_001.jpg
BUP-731303BC,/BUP-731303BC/BUP-731303BC_001.jpg
BUP-731303BCS,/BUP-731303BCS/BUP-731303BCS_001.jpg
BUP-731303BOLT,/BUP-731303BOLT/BUP-731303BOLT_001.jpg
BUP-731303LCAP,/BUP-731303LCAP/BUP-731303LCAP_001.jpg
BUP-731303NUT,/BUP-731303NUT/BUP-731303NUT_001.jpg
BUP-731303TCAP,/BUP-731303TCAP/BUP-731303TCAP_001.jpg
BUP-731303TCS,/BUP-731303TCS/BUP-731303TCS_001.jpg
BUP-731309NUT,/BUP-731309NUT/BUP-731309NUT_001.jpg
BUP-731309TCAP,/BUP-731309TCAP/BUP-731309TCAP_001.jpg
910452,/910452/910452_001.jpg
9108130908,/9108130908/9108130908_001.jpg
9110860911,/9110860911/9110860911_001.jpg
360350,/360350/360350_001.jpg
910522,/910522/910522_001.jpg
9113121115,/9113121115/9113121115_001.jpg
BUSHNELL FLAG,
081001,/081001/081001_001.jpg
081002,/081002/081002_001.jpg
201916-BC,/201916-BC/201916-BC_001.jpg
234210,/234210/234210_001.jpg
119930B,
119935C,
119949C,
119949M,
119950C,
119955C,
119987C,
119987M,
BCAP-2021,
9110750911,/9110750911/9110750911_001.jpg
FX1042AD,
BUSH1050-KERCIN,/BUSH1050-KERCIN/BUSH1050-KERCIN_001.jpg
LEGENDULTRAHD,/LEGENDULTRAHD/LEGENDULTRAHD_001.jpg
LEGENDULTRAHDT,/LEGENDULTRAHDT/LEGENDULTRAHDT_001.jpg
BASFHARN,
161002CM,/161002CM/161002CM_001.jpg
BABINPCT,
BABLRFPCT,
BAHQRADPT,
120150,/120150/120150_001.jpg
121225,/121225/121225_001.jpg
130105R,
137500,/137500/137500_001.jpg
137501,/137501/137501_001.jpg
141042RB,/141042RB/141042RB_001.jpg
150142R,
157050R,
158042R,
198104,/198104/198104_001.jpg
334210,/334210/334210_001.jpg
335856,/335856/335856_001.jpg
BB1042W,/BB1042W/BB1042W_001.jpg
BB1042W,/BB1042W/BB1042W_002.jpg
BB1250W,/BB1250W/BB1250W_001.jpg
BB1250W,/BB1250W/BB1250W_002.jpg
BB1250W,/BB1250W/BB1250W_003.jpg
BB842W,/BB842W/BB842W_001.jpg
BB842W,/BB842W/BB842W_002.jpg
BB842W,/BB842W/BB842W_003.jpg
BEN1042,/BEN1042/BEN1042_001.jpg
BEN1050,/BEN1050/BEN1050_001.JPG
BEN1250,/BEN1250/BEN1250_001.jpg
BEN842,/BEN842/BEN842_001.jpg
BENDX1042,/BENDX1042/BENDX1042_001.jpg
BENDX1250,/BENDX1250/BENDX1250_001.jpg
BENX1042,/BENX1042/BENX1042_001.jpg
BF842T,/BF842T/BF842T_001.png
BP1025B,/BP1025B/BP1025B_001.png
BP1042B,/BP1042B/BP1042B_001.png
BP1042VTC,
BP1250VTC,
BP832B,/BP832B/BP832B_001.png
BPR1028,/BPR1028/BPR1028_001.png
BPR842,/BPR842/BPR842_001.png
BS11040,/BS11040/BS11040_001.jpg
BS11050,/BS11050/BS11050_001.jpg
BS11250,/BS11250/BS11250_001.jpg
BS1832,/BS1832/BS1832_001.jpg
DJ1BTS,
PWV1025,/PWV1025/PWV1025_001.jpg
PWV1025,/PWV1025/PWV1025_002.jpg
PWV1025,/PWV1025/PWV1025_003.jpg
PWV1042,/PWV1042/PWV1042_001.jpg
PWV1042,/PWV1042/PWV1042_002.jpg
PWV1042,/PWV1042/PWV1042_003.jpg
PWV1050,/PWV1050/PWV1050_001.jpg
PWV1050,/PWV1050/PWV1050_002.jpg
PWV1050,/PWV1050/PWV1050_003.jpg
PWV1250,/PWV1250/PWV1250_001.jpg
PWV1250,/PWV1250/PWV1250_002.jpg
PWV1250,/PWV1250/PWV1250_003.jpg
PWV1632,/PWV1632/PWV1632_001.jpg
PWV1632,/PWV1632/PWV1632_002.jpg
PWV1632,/PWV1632/PWV1632_003.jpg
PWV2050,/PWV2050/PWV2050_001.jpg
PWV2050,/PWV2050/PWV2050_002.jpg
PWV2050,/PWV2050/PWV2050_003.jpg
PWV842,
119977M,/119977M/119977M_001.jpg
119986C,
191142,/191142/191142_001.jpg
260240,/260240/260240_001.jpg
260250,/260250/260250_001.jpg
EX650,
DG850SBL,/DG850SBL/DG850SBL_001.jpg
DG850SBL,/DG850SBL/DG850SBL_002.jpg
DG850SBL,/DG850SBL/DG850SBL_003.jpg
DG850SBL,/DG850SBL/DG850SBL_004.png
DG850SBL,/DG850SBL/DG850SBL_005.jpg
SENDX2680A,/SENDX2680A/SENDX2680A_001.jpg
SENDX2680A,/SENDX2680A/SENDX2680A_002.jpg
SENDX2680A,/SENDX2680A/SENDX2680A_003.jpg
SENDX2680A,/SENDX2680A/SENDX2680A_004.jpg
SENDX2680A,/SENDX2680A/SENDX2680A_005.jpg
SF206080TA,/SF206080TA/SF206080TA_001.jpg
SN206065GA,
SP164850B,/SP164850B/SP164850B_001.jpg
SP206065AB,/SP206065AB/SP206065AB_001.jpg
784030,/784030/784030_001.jpg
784040,/784040/784040_001.jpg
3200864,/3200864/3200864_001.jpg
BUP-190125EC,/BUP-190125EC/BUP-190125EC_001.jpg
BUP-190125TA,/BUP-190125TA/BUP-190125TA_001.jpg
BUP-197104EC,/BUP-197104EC/BUP-197104EC_001.jpg
BUP-197104FKP,/BUP-197104FKP/BUP-197104FKP_001.jpg
BUP-197842FKP,/BUP-197842FKP/BUP-197842FKP_001.jpg
BUP-198104FK,/BUP-198104FK/BUP-198104FK_001.jpg
BUP-198104FKP,/BUP-198104FKP/BUP-198104FKP_001.jpg
BUP-198104LC,/BUP-198104LC/BUP-198104LC_001.jpg
BUP-198842FKP,/BUP-198842FKP/BUP-198842FKP_001.jpg
BUP-199104EC,/BUP-199104EC/BUP-199104EC_001.jpg
BUP-199104FK,/BUP-199104FK/BUP-199104FK_001.jpg
BUP-199104FKP,/BUP-199104FKP/BUP-199104FKP_001.jpg
BUP-199104LC,/BUP-199104LC/BUP-199104LC_001.jpg
BUP-199104TA,/BUP-199104TA/BUP-199104TA_001.jpg
BUP-332810EC,/BUP-332810EC/BUP-332810EC_001.jpg
BUP-332810FKP,/BUP-332810FKP/BUP-332810FKP_001.jpg
BUP-332810LC,/BUP-332810LC/BUP-332810LC_001.jpg
BUP-333208EC,/BUP-333208EC/BUP-333208EC_001.jpg
BUP-333208FK,/BUP-333208FK/BUP-333208FK_001.jpg
BUP-333208FKP,/BUP-333208FKP/BUP-333208FKP_001.jpg
BUP-333208LC,/BUP-333208LC/BUP-333208LC_001.jpg
BUP-333208TC,/BUP-333208TC/BUP-333208TC_001.jpg
BUP-334208LC,/BUP-334208LC/BUP-334208LC_001.jpg
BUP-334208TA,/BUP-334208TA/BUP-334208TA_001.jpg
BUP-334210EC,/BUP-334210EC/BUP-334210EC_001.jpg
BUP-334210FKP,/BUP-334210FKP/BUP-334210FKP_001.jpg
BUP-335012EC,/BUP-335012EC/BUP-335012EC_001.jpg
BUP-335012FKP,/BUP-335012FKP/BUP-335012FKP_001.jpg
BUP-335105EC,/BUP-335105EC/BUP-335105EC_001.jpg
BUP-335105FK,/BUP-335105FK/BUP-335105FK_001.jpg
BUP-335105FKP,/BUP-335105FKP/BUP-335105FKP_001.jpg
BUP-335856EC,/BUP-335856EC/BUP-335856EC_001.jpg
BUP-335856FKP,/BUP-335856FKP/BUP-335856FKP_001.jpg
BUP-335856LC,/BUP-335856LC/BUP-335856LC_001.jpg
BUP-334208FK,/BUP-334208FK/BUP-334208FK_001.jpg
BUP-334208FKP,/BUP-334208FKP/BUP-334208FKP_001.jpg
BUP-335105LC,/BUP-335105LC/BUP-335105LC_001.jpg
BUSHNELLSIGN,/BUSHNELLSIGN/BUSHNELLSIGN_001.jpg
BUSHNELLSIGN2,/BUSHNELLSIGN2/BUSHNELLSIGN2_001.jpg
WARRANTYMAT,/WARRANTYMAT/WARRANTYMAT_001.jpg
WARRANTYSIGN,/WARRANTYSIGN/WARRANTYSIGN_001.jpg
WARRANTYSIGN2,/WARRANTYSIGN2/WARRANTYSIGN2_001.jpg
WARRANTYMAT,/WARRANTYMAT/WARRANTYMAT_001.jpg
CELCAT-2022,
CELDISPLAY-A,/CELDISPLAY-A/CELDISPLAY-A_001.jpg
CELDISPLAY-B,/CELDISPLAY-B/CELDISPLAY-B_001.jpg
CELDISPLAY-C,/CELDISPLAY-C/CELDISPLAY-C_001.jpg
CELDISPLAY-TYPEA,/CELDISPLAY-TYPEA/CELDISPLAY-TYPEA_001.jpg
CELDISPLAY-TYPEB,/CELDISPLAY-TYPEB/CELDISPLAY-TYPEB_001.jpg
CELDISPLAY-TYPEC,/CELDISPLAY-TYPEC/CELDISPLAY-TYPEC_001.jpg
CELDISPLAY-WINGS,/CELDISPLAY-WINGS/CELDISPLAY-WINGS_001.jpg
21024-K,
21061-02-00,
2245X-02-01,
2246X-02-01,
2246X-02-02,
2246X-02-03,
2246X-02-04,
51630-01-05,
CELP-EP13P,
CELP-EP20,
CELP-EP25,
CELP-EP25P,
CELP-EP4,
CELP-EP9,
9405X-01-02,
11007-1,/11007-1/11007-1_001.jpg
11009-1,/11009-1/11009-1_001.jpg
11073-XLT-1,/11073-XLT-1/11073-XLT-1_001.jpg
11074-XLT-1,/11074-XLT-1/11074-XLT-1_001.jpg
11075-XLT-1,/11075-XLT-1/11075-XLT-1_001.jpg
12092-1,/12092-1/12092-1_001.jpg
93493,/93493/93493_001.PNG
11007,/11007/11007_001.jpg
11007,/11007/11007_002.jpg
11007,/11007/11007_003.jpg
11008,/11008/11008_001.PNG
11008,/11008/11008_002.jpg
11008,/11008/11008_003.jpg
11073-XLT,/11073-XLT/11073-XLT_001.jpg
11073-XLT,/11073-XLT/11073-XLT_002.jpg
11073-XLT,/11073-XLT/11073-XLT_003.jpg
11074-XLT,/11074-XLT/11074-XLT_001.jpg
21024-ACC,/21024-ACC/21024-ACC_001.jpg
93230,/93230/93230_001.PNG
93319,/93319/93319_001.PNG
93320,/93320/93320_001.PNG
93420,/93420/93420_001.PNG
93424,/93424/93424_001.PNG
93425,/93425/93425_001.jpg
93426,/93426/93426_001.jpg
93430,/93430/93430_001.PNG
93431,/93431/93431_001.PNG
93432,/93432/93432_001.PNG
93433,/93433/93433_001.PNG
93434,/93434/93434_001.jpg
93434,/93434/93434_002.jpg
93435,/93435/93435_001.PNG
93450,/93450/93450_001.jpg
93451,/93451/93451_001.jpg
93452,/93452/93452_001.jpg
93453,/93453/93453_001.jpg
93454,/93454/93454_001.jpg
94182,/94182/94182_001.PNG
94306,/94306/94306_001.PNG
94307,/94307/94307_001.PNG
51630,/51630/51630_001.PNG
93625,/93625/93625_001.PNG
93635-A,/93635-A/93635-A_001.jpg
93635-A,/93635-A/93635-A_002.jpg
93711,/93711/93711_001.PNG
93514,/93514/93514_001.jpg
93665,/93665/93665_001.PNG
94256,/94256/94256_001.jpg
94256,/94256/94256_002.jpg
21024,/21024/21024_001.jpg
22016,/22016/22016_001.PNG
93981,
93999,
93609,
94243,
22450,
91519,
22451-02-01,
2245X-05-01,
22462-01-01,
2246X-04-00,
2246X-05-01,
31045-02-01,
31045-RINGS,
51630-01-01,
CELP-EP10,
94050-01-01,
44410,
44341,
44120,
44320,
21019-1,
91009,
91523-1,
91530-1,
91531-1,
93482,
93483,
93484,
94187,
94320,
94321,
94322,
93405,
93406,
94155-A,
94189,
94203,
94224,
94239,
94255,
94286,
12010,
12025,
12026,
12050,
31061-1,
94214,
94218,
94290,
94501,
91523,
91530,
91025-XLT,
32054-1,
71234,
71237,
71260,
71402,
52252,
52305,
52310,
52330,
52332,
52348,
96353-A,
93407,
93408,
93704,
94220,
94221,
94246,
22201-TRAY,
22201-TRP,
22403-LC,
31153-CAP,
4413X-02-02,
51701-10,
51701-5,
51702-7,
51706-16,
51706-17,
51710-10,
51710-5,
51711-12,
93497-1,
CGX-F00-1,
CPC-F00-9,
SER-B00-003,
SER-B00-004,
SER-B00-005,
SER-B00-006,
SER-B00-010,
SER-B00-016,
SER-B00-017,
SER-B00-019,
SER-F00-001,
SER-F00-003,
SER-F00-003A,
SER-F00-003B,
SER-F00-012,
SER-F2,
44407,
93614,
93619,
93626,
51711-10,
270.061,
270.062,
270.150,
470.092,
750.305,
770.023,
770.024,
790.241SB,
791.014,
791.015,
791.016,
791.017,
791.018,
970.000,
970.001,
970.010,
970.285,
970.304,
970.305,
970.319,
970.327,
970.328,
970.338,
970.372,
970.373,
970.398,
970.401,
970.402,
970.449,
970.453,
970.471,
970.472,
970.481,
970.482,
970.495,
970.512,
970.562,
O98.184,
O98.356,
O98.437,
440.040,
440.041,
440.043,
940.001,
900.000,
900.001,
910.000,
910.001,
910.003,
910.004,
910.005,
910.006,
910.014,
910.015,
910.016,
910.021,
910.034,
910.039,
340.165,
340.167,
340.219,
340.220,
340.221,
340.222,
340.223,
340.224,
340.225,
340.228,
340.229,
340.230,
340.232,
340.233,
340.234,
340.245,
340.271,
340.282,
340.301,
340.302,
340.314,
340.334,
440.151,
440.152,
440.154,
440.155,
440.156,
440.158,
440.159,
440.160,
440.163,
440.165,
440.193,
440.194,
440.195,
920.181,
920.182,
920.183,
920.185,
920.207,
920.211,
920.292,
920.332,
920.333,
920.334,
920.357,
970.473,
CF440.130,
500.271,
500.272,
710.372,
710.373,
710.374,
710.375,
710.376,
710.377,
710.378,
710.403,
710.404,
710.405,
710.406,
920.016,
920.021,
920.025,
920.028,
920.057,
920.061,
920.062,
920.063,
920.064,
920.065,
920.067,
920.081,
920.084,
920.085,
920.123,
920.125,
920.129,
920.131,
920.133,
920.162,
920.189,
920.190,
920.191,
920.192,
920.194,
920.197,
920.203,
920.204,
920.206,
920.285,
920.287,
920.289,
920.290,
920.302,
920.311,
920.312,
920.322,
920.326,
920.335,
920.336,
920.337,
920.338,
920.339,
920.340,
920.341,
920.343,
920.344,
920.345,
920.349,
920.355,
920.356,
920.359,
920.363,
920.364,
920.369,
920.384,
920.385,
920.401,
920.409,
920.410,
920.411,
920.413,
920.421,
920.422,
920.425,
920.434,
920.444,
920.445,
970.463,
970.464,
970.491,
970.505,
970.437B,
970.437C,
970.437G,
970.437T,
470.037,
470.043,
970.497,
500.097,
500.111,
500.182,
500.183,
500.188,
500.189,
500.190,
500.260,
CF500.184,
CF500.185,
CF500.186,
CF500.187,
340.053,
340.089,
340.155,
340.160,
340.160D,
340.170,
340.182,
340.241,
340.250,
340.332,
401.038,
401.074,
401.075,
401.101,
401.105,
401.114,
401.120,
401.121,
401.143,
CF340.155D,
CF340.170D,
CF340.241D,
CF340.250D,
CF340.261,
500.092,
500.110,
500.145,
500.172,
500.173,
500.249,
500.255,
500.265,
500.266,
500.270,
920.187,
920.188,
920.383,
920.383ZT,
920.414,
920.414ZT,
920.426,
920.426ZT,
920.427,
920.427ZT,
920.432,
920.433,
920.440,
920.441,
1887NICBBL20XXX,
500.001,
500.133,
500.146,
500.269,
500.273,
710.379,
930.000,
930.001,
930.004,
262.028,
270.059,
710.286,
720.146,
721.117,
730.064,
730.132,
730.150,
730.177,
730.372,
730.373,
730.433,
730.435,
731.094,
740.487,
740.488,
760.187,
760.193,
770.213CC,
770.318B,
770.327CC,
770.403,
770.451CC,
770.515,
770.518B,
770.559,
770.568,
770.591CC,
770.602CC,
770.602W,
770.627,
770.633,
790.203,
790.206,
970.005,
970.006,
970.011,
970.073,
970.096,
970.097,
970.414,
970.434,
970.507,
N710.285,
O98.240,
O98.290,
O98.602,
N710.386,
098.184,
100.002,
100.041,
100.044,
100.045,
101.005,
103.002,
103.026,
103.027,
103.029,
104.008,
104.013,
104.024,
104.048,
120.016,
130.001,
130.007,
130.008,
130.013,
130.021,
130.023,
130.027,
130.038,
130.045,
130.048,
130.052,
130.057,
130.059,
130.062,
130.064,
130.079,
130.085,
130.100,
130.130,
130.131,
140.001,
140.027,
140.031,
150.017,
160.001,
160.014,
160.031,
160.033,
160.034,
250.023,
262.009,
262.012,
262.013,
262.014,
262.017,
262.027,
262.029,
262.030,
262.031,
262.032,
262.035,
262.053,
262.055,
262.058,
270.301,
700.231,
710.386,
710.540,
710.546,
720.003,
720.007,
720.011,
720.012,
720.021,
720.023,
720.025,
720.031,
720.032,
720.035,
720.063,
720.067,
720.070,
720.071,
720.105,
720.108,
720.126,
720.134,
720.142,
720.147,
720.148,
720.189,
720.240,
720.241,
720.242,
720.243,
720.244,
721.026,
721.027,
721.028,
721.072,
721.073,
721.075,
721.085,
721.086,
721.097,
721.101,
721.102,
721.123,
721.124,
721.127,
721.128,
721.131,
721.132,
721.187,
721.188,
721.189,
721.192,
721.193,
730.227,
730.241,
730.350,
730.457,
730.458,
730.468,
730.472,
730.477,
730.481,
730.484,
730.487,
730.491,
730.508,
730.696,
730.714,
730.740,
730.748,
730.798,
730.808,
730.809,
730.810,
730.851,
730.852,
730.853,
730.854,
730.856,
730.860,
730.864,
730.876,
730.889,
730.893,
730.908,
731.033,
731.037,
731.095,
731.102,
731.103,
731.104,
731.105,
731.106,
731.107,
731.130,
731.179,
731.195,
731.259,
731.262,
731.263,
731.348,
731.349,
731.480,
731.492,
731.493,
731.494,
731.495,
731.496,
731.497,
731.498,
731.500,
731.501,
731.503,
731.514,
731.516,
740.168B,
740.258,
740.258B,
740.260,
740.294,
740.296,
740.300,
740.301,
740.306,
740.479,
740.489,
740.489B,
740.490,
740.497,
740.498B,
740.551,
740.552,
750.124,
750.158,
750.160,
750.161,
750.203,
750.204,
750.298,
750.371,
750.372,
760.068,
760.105,
760.126,
760.154,
760.189,
770.080,
770.082,
770.083,
770.088,
770.180,
770.206,
770.209,
770.210,
770.211,
770.212,
770.214,
770.221,
770.223,
770.229,
770.230,
770.231,
770.237,
770.247,
770.314,
770.318,
770.320,
770.321,
770.371,
770.381,
770.382,
770.385,
770.388,
770.399,
770.400,
770.437,
770.473,
770.476,
770.477,
770.478,
770.479,
770.480,
770.482,
770.491B,
770.491W,
770.499,
770.509,
770.546,
770.590,
770.621,
770.622,
770.623,
770.629,
770.631,
770.632,
770.655,
770.899,
770.900,
770.901,
770.903,
770.905,
770.906,
770.907,
770.908,
770.926,
770.927,
770.928,
780.046,
780.047,
780.208,
790.132,
790.202CC,
790.221,
790.235,
KIT 1911-45,
KIT 1911-9,
O98.220,
O98.310,
O98.456,
D-100,
D031,
D070,
D078,
D079,
D100,
D109,
D120,
D168,
D241,
D262,
D263,
D264,
D269,
D362,
20108,
22208,
22215,
DMABUFFERTUBE,
DMACASTLENUT,
950002-50,
950002-52,
950002-54,
950002-56,
FIOCCHICAP,
FIOCCHISIGN,
86A04000,
30A00500,
60761800,
95006700,
95007000,
70222000,
70222100,
70243100,
70243200,
70270100,
70270200,
70300100,
70300200,
70300300,
70300400,
70300600,
70301000,
70555900,
70562900,
70563200,
70563500,
70565700,
70650200,
70650300,
70750000,
70761000,
70763000,
70763500,
70767000,
70767200,
70800000,
70801000,
70802000,
70905000,
70906000,
70988900,
70989000,
70989700,
70991100,
70991200,
70991300,
70991400,
70996700,
70A03100,
71037500,
71308000,
71450000,
71455000,
71767000,
70039000,
70039300,
70044500,
70357000,
70357300,
70901600,
70908000,
70911200,
70935300,
70941300,
71038000,
71039100,
71039600,
71044500,
71357000,
71357500,
71357600,
71901600,
71938300,
73905000,
73938500,
08043000,
08043400,
08043500,
08044600,
08045600,
08055000,
08055100,
12616200,
30220400,
30220500,
30231100,
30236000,
30260700,
30260800,
30261000,
31201000,
51905900,
51906200,
87038000,
87038200,
87038300,
87038400,
87040300,
87040400,
95008155,
95008160,
95008161,
95002861,
95002862,
95002863,
95002864,
95002865,
95002866,
95017106,
95017107,
95017108,
95017109,
95017110,
95017111,
95017112,
95017114,
95002852,
95002853,
95002854,
95002855,
87A05300,
87A10400,
87102X,
86194700,
86198700,
86221700,
86221800,
86231700,
86233700,
86233800,
86235900,
86237700,
86288000,
86461700,
86463700,
86483700,
86A01200,
86A01300,
87000900,
87001000,
87001100,
87014300,
87014400,
87014500,
87014600,
87014700,
87014800,
87014900,
87015000,
87015100,
87015200,
87016600,
87016700,
87016800,
87017000,
87017100,
87017200,
87018500,
87018600,
87018700,
87018800,
87018900,
87019000,
87019100,
87019200,
87020600,
87020700,
87020800,
87020900,
87021000,
87021100,
87021200,
87022500,
87022600,
87022700,
87032900,
87033100,
87035200,
87040700,
87052600,
87060500,
87062000,
87062200,
87062400,
87062600,
87080400,
87080600,
87082000,
87082200,
87082300,
87082400,
87082500,
87082600,
87082700,
87082800,
87085000,
87088300,
87090200,
87090300,
87090400,
87090500,
87108800,
87108900,
87109100,
87112400,
87118700,
87118900,
87119000,
87119100,
87120700,
87A06300,
87A10700,
87A15900,
87A16000,
87A16100,
87A16200,
87A16300,
87A16400,
87A16500,
87A16600,
87A16700,
87A16800,
87A16900,
87A17000,
87A17100,
87A17200,
87A18100,
87A19500,
87A19600,
87A19700,
87A19800,
87A19900,
87A21100,
87A21200,
87A21300,
87A21400,
87A22100,
87A22200,
87A22300,
87A22400,
87A23300,
87A23400,
87A23500,
87A24300,
87A24400,
87A24500,
87A25100,
87A25300,
87A25400,
FLX-FLX50,
FLX-FLXDR065,
FLX-FLXDR070,
FLX-FLXPD001,
FLX-FLXPD002,
FLX-FLXPD005,
FLX-FLXSC054,
14696,
14706,
14736,
14936,
14966,
14976,
14986,
15016,
15026,
15036,
15200,
15207,
15213,
15216,
15219,
15222,
15225,
15227,
15240,
15248,
15249,
15257,
15263,
15264,
15265,
34235,
99030,
99031,
00614,
01340,
15233,
GZ-08-302,
AVX-WFL-TP01,
AVX-WFL-TP02,
AVX-WFL-TP03,
AVX-WFL-TP04,
CS-20VPZ,
CS-59KSPZ,
CS-59KSS6Z,
CS-62JM,
CS-88DK,
CS-90QB,
MUD-BPK-BHMO,
MUD-BPK-LMBR,
MUD-BPK-LMBR-VCG,
MUD-BPK-VCH,
MUD-CSE-SRC48-MOBL,
MUD-KRRK20,
MUD-KRRK30,
MUD-RRS10-2PK,
MUD-RRS10-4PK,
MUD-SS12-2PK,
MUD-SS18-2PK,
MUD-SS24-2PK,
MUD-WCTDK-2PK,
MUD-WCTDK-4PK,
HWK-HS3055,
CS-38CKE,
22100,
HAL-HALRF0088,
HAL-HALRF0108,
HAL-HALRF0109,
1000-20,
1600-01,
1601-01,
1910-05,
1910-20,
1911-20,
1920-05,
1920-20,
1930-20,
1940-20,
2000-05,
2000-20,
2500-05,
2500-20,
27F,
3000-05,
3000-20,
3500-05,
3500-20,
3510-05,
3510-20,
37F,
40F,
45T,
4600-05,
4600-20,
46F,
7030,
7030-20,
903-01-2,
904-01-2,
905-01-2,
906-01-2,
907-01-2,
907-01-3,
908-01-3,
910-01-3,
KIT035,
KIT072,
KIT078,
KIT087,
KIT088,
KIT089,
KIT116,
HHBARREL20,
HHBARREL20C,
HHBARREL28,
HHBARREL28C,
BP20GW,
BP220,
BP220W,
BP228,
BP228W,
BP2XT,
BP2XTBB,
BP2XTC,
BP2XTCODGS,
BP2XTCRS,
BP2XTCSS,
HH20,
HH28,
HH28STRATA,
HH28W,
BP2SIGHTSET,
CS-16JSM,
TEK-17-CPIFR,
STC-RVLR,
STC-RVLRP,
THL2104P3,
THL3145P-IR,
THL4184P-IR,
P30I-LENSGLASS,
08043600,
08043600,
08043600,
08043600,
VG1042,
VG1042ED,
VG1042HD,
VG1050,
VG1050ED,
VG1250,
VG1250ED,
VG842,
VG842ED,
VG842HD,
7090,
MCUST65CMXXX,
MCUST375HDLX,
MCUST460HDLX,
A50TNU25,
A50TNU35,
SHF-SRK-12-AGS,
SHF-SRK-12-FOW,
SHF-SRK-12-GPRO,
SHF-SRK-12-GSO,
SHF-SRK-12-HPGS,
SHF-SRK-12-REH,
SHF-SRK-22-AGS,
SHF-SRK-22-COF,
SHF-SRK-22-FOW,
SHF-SRK-22-GPRO,
SHF-SRK-22-GSO,
SHF-SRK-22-HPGS,
SHF-SRK-22-OUTPOST,
SHF-SRK-22-OWEN,
SHF-SRK-22-REH,
SHF-SRK-22-YGA,
SHF-SRK-30-AGS,
SHF-SRK-30-FOW,
SHF-SRK-30-GPRO,
SHF-SRK-30-GSO,
SHF-SRK-30-HPGS,
SHF-SRK-30-OWEN,
SHF-SRK-30-REH,
SHF-SRK-22-HALL,
SHF-SRK-30-HALL,
SHF-SRK-65-AGS,
SHF-SRK-65-HPGS,
MH-DT-P,
SP4164F,
SP5306F,
SP6245F,
TESTGUN,
TH11024G-IR,
TH11024P4-IR,
TH11024R-IR,
TH31244P3-IR,
TRED11024F-IR,
TH31244G,
TH31244P4,
THP120,
THRD25-DOVETAIL38,
TSAPATCH1,
VG1824-IR,
VG4164P4-IR,
VG6245R3,
VG11028F-IR,
VG11028FIR-FDE,
VG1424-IR,
VG1424IR-FDE,
VG1824IR-FDE,
VG3124P4,
VG3124P4-IR,
VG4164P4,
VG6245R3-IR,
HIK 01 MWALL,
HIK 01 TCOVERS,
HIK 01 TDROPFLAG,
HIK 01 MWALL,
HIK 01 TCOVERS,
HIK 01 TDROPFLAG,
HIK-DISPLAY,
HIK-MONODISPLAY,
HIK-TENT,
HIK-USB,
HM-ECG,
HM-ECOS,
HM-GHS,
HM-LCGL,
HM-LCGLL,
HM-LCGLS,
HM-LCGS,
HM-LCLM,
HM-LCOL,
HM-LCOS,
HM-LCR,
HM-LOD10,
TS36-100VI/W,
TS36-100VI/WL,
TS36-50VI/WL,
TS36-75VI/W,
TS36-75VI/WL,
HM-LRC,
HM-LSM1.4,
HM-LSM2,
HM-OBB,
HM-OCIC,
HM-OF,
HM-OFPS,
HM-OMN,
HM-OMP,
HM-OTN,
HM-OUIN,
38A-RP,
40A-RP,
50A-RP,
62A-RP,
C32F-R-K,
C32F-RNL-K,
HIK-S-BROCHURE,
HIK-SCOPEDISPLAY,
HM-ADAPTER-44A,
HM-BCP,
HM-BCPR,
HM-ECTCP,
HM-LCP,
HM-LCPS,
HM-LCSS,
HM-LCTL,
HM-LCTS,
HM-NPPL,
HM-NPTS,
HM-R-WP,
HM-SH35LE10,
HM-SH50LE10,
HM-SQ50LH15,
HM-THUNDER-2E,
HM-THUNDER-60A,
HM-THUNDER-62A,
HM-THUNDER-E,
PH35L-2-K,
PH35L-K,
PH50L-2-K,
PH50L-K,
PQ35L-2-K,
PQ35L-K,
PQ50L-2-K,
PQ50L-K,
TE19-2-K,
TE25-2-K,
TE25-K,
TH25P-2-K,
TH35P-2-K,
TH50Z-2-K,
TQ50,
TQ50-2-K,
TQ50C-K,
HM-BCPOR,
HM-BCPRR,
HM-BCPV2,
HM-NPPH35L,
HM-NPPH50L,
HM-NPPQ35L,
HM-NPPQ50L,
HM-PBCB,
HM-PCBRS,
HM-PSP,
HM-PSPRS,
HM-TBB,
HM-TBMA,
HM-TBMB,
HM-TBMC,
HM-TBMS,
HM-TH35TM,
HM-TPRMS,
HM-TQ50TM,
HIK-DISPLAY,
HIK-USB,
HM-LCGL,
HM-LCGLL,
HM-LCGS,
TS36-100VI/W,
TS36-100VI/WL,
TS36-50VI/WL,
TS36-75VI/W,
TS36-75VI/WL,
50A-RP,
TQ50C-K,
HIK-O-BROCHURE,
HIK-S-BROCHURE,
24040,
HLSIGN,
HLSIGN,
R-02216-EC,
1006821,
R-01110,
1013530,
1018953,
1030333,
R-02524-A,
R-10530,
1015351AN-A9,
1015361AN-A9,
1015441AN-A9,
1035103-VS,
1035109-VS,
1035136-VS,
1035141-VS,
QB2HYG,
1015280,
FBB7MM1/9NO2,
HTR-F308-24FB-B,
SPL270-24FB-BTGC,
BB2241/7NO4,
BB7MM1/8NO5,
BBF2241/7NO4,
AP260,
AP300-308W,
AP302-308W,
AP307-223REM,
AP307-308W,
AP308-270WIN,
HSPMAG300WIN-3,
HSPMAG300WIN-8,
PSV107BB,
PSV140BTC,
PLR338LM-26FB-GL,
PLR338LM-26FB-TB,
PTD338LM-300WSM,
VAR204-24F-GLC,
HS-JS-DIA-7,
HS-JS-DIA-9,
HS-JS-WH-1,
HS-00268,
HS-00680,
HS-00682,
HS-00685,
HS-00687,
HS-01620,
HME-FF-20,
HME-GCG,
HME-GCK,
HME-KN-45PK,
HME-KN-FBCK,
HME-KN-FBGH,
HME-KN-FS-FBGH,
HME-KN-SSK,
HME-LF200-G,
HME-SGCG,
HME-SWLST,
HME-CMOFP5,
HME-QMCH-3,
HME-12VBBSLR,
612503,
ISSC2019CAT,
ISSCBASE,
11856P,
12117,
12341,
12766,
KERSHAW2017CAT,
A190N,
KJ86000,
KJ89001,
KJ89002,
KJ89003,
KJ89002,
DE-MS,
TG8992B,
TG231G1C,
TG970GR,
CGCOS-BLK,
CGM2O-BLK,
CGM3CS-BLK,
DTC-DT,
HDTH-P,
HWR-DT,
LWR-DT,
STC-DT,
DTQCS-P,
IDTH-P,
AMH-2,
AMP-1 E,
AMP-1-TP,
AMR-1E,
ATR-1TP,
BAV-1CN,
CAH-1,
CAH-2,
CAP-2,
CAV-1PC,
COM-1,
CPA-1,
ITEM,
TDB-1,
TSB-1,
TSB-1 XL,
TTB-1,
70000179,
70000591,
70000660,
70001686,
70009112,
70009273,
70009308,
AMH-2-NVG,
AMP-1E,
AMP-1E-NVG,
AMP-1TP,
AMP-1TP-NVG,
AMR-1E+ FR,
ARC-2E-FR,
ATR,
BAM-1,
BAP-1,
BAV-1CN-AF,
BAV-1CN-MAN,
BAV-1CN-SC,
BAV-1CN-WC,
BAV-1FS-110,
BAV-1FS-110WC,
BAV-1FS-90,
BAV-1FS-90VS,
BAV-1FS-AF,
BAV-1FS-STD,
BAV-1FS-VS,
BAV-1FS-WC,
BAV-1TP,
BAV-1TP-AF,
BAV-1TP-SC,
BAV-1TP-WC,
BAV-1X,
BNG-1,
CAC-1-SET,
CAC-1E,
CAC-1E-SET,
CAC-2,
CAC-2-SET,
CAP-1,
CAV-1E-3,
CAV-1E-3VS,
CAV-1PC-6,
CAV-1PC-6120,
CAV-1PC-690,
CAV-1PC-690AF,
CAV-1PC-6AF,
CAV-1PC-6VS,
CAW-1-70,
CAW-1-90,
CAW-2,
CCP-1,
CCP-2,
CGC-1,
CHE,
CHE-1,
CMR-1,
CMR-1-4H,
CMR-1-7H,
CMR-1-TP,
CMR-1-TP-NVG,
COM-1-WIRE,
CPP-2,
CPP-2-FR,
CPR-1,
CRS-2,
CRS-2-REP,
CRS-2-STD,
EPP,
EPP-AMP,
NVG-1,
NVG-2,
TAG-1,
TSB-1-XL,
TTB-1-SC,
TVC-1,
TVC-1-SC,
TVC-2-MC,
TVC-2-STD,
MGW3094243,
D0400,
D0SP0,
BUSHMASTER-L,
BUSHMASTER-M,
BUSHMASTER-S,
BUSHMASTER-XL,
BUSHMASTER-XXL,
GEAR-ABSV2-MC-SM,
GEAR-DPMP-BLK,
GEAR-DPMP-MC,
GEAR-HOLS-GLK-R,
GEAR-HYDRA-BLK,
GEAR-IFAS-BLK,
GEAR-IFAS-MC,
GEAR-MAGP-GLK,
GEAR-MHA-BLK,
GEAR-MHA-EB,
GEAR-SBS-MC,
GEAR-SRMP-BLK,
GEAR-SRMP-MC,
GEARABSV2-BLK-SM,
GER-HOLS-GLKBLKR,
HAT-15,
HAT-17,
LS-BLKODG-INS-XL,
LS-ODGBLK-INS-XL,
LSFTXBLK,
LSFTXBMC,
LSFTXMULTI,
SS-BLK-NOC-XL,
M24,
M247,
MGW3094243,
TG-TG13GL1A,
TG-TG13GL3A,
TG970GR,
37036-1CS3AH,
37037-1CS3AH,
37038-1CS2AH,
37039-1CS3AH,
37040-1CS3AH,
38035-1CS5A,
38001-5CS1,
38001-5CS2,
38002-5CS1,
38002-5CS2,
38003-5CS1,
38003-5CS2,
38003-6CS1,
38003-6CS2,
38003-7CS2,
38004-5CS1,
38004-5CS2,
38005-5CS1,
38005-5CS2,
38006-5CS1,
38006-5CS2,
38007-5CS1,
38007-5CS2,
38008-5CS1,
38008-5CS2,
38008-6CS1,
38008-6CS2,
38008-7CS2,
38009-5CS1,
38009-5CS2,
38009-6CS1,
38009-6CS2,
38009-7CS2,
37001-5CS1,
37001-5CS1S,
37001-5CS2,
37001-5CS2S,
37002-5CS1,
37002-5CS1S,
37002-5CS2,
37002-5CS2S,
37003-5CS1,
37003-5CS1S,
37003-5CS2,
37003-5CS2S,
37004-5CS1,
37004-5CS1S,
37004-5CS2,
37004-5CS2S,
37004-6CS1,
37004-6CS1S,
37004-6CS2,
37004-6CS2S,
37005-5CS1,
37005-5CS1S,
37005-5CS2,
37005-5CS2S,
37005-6CS1,
37005-6CS1S,
37005-6CS2,
37005-6CS2S,
37006-5CS1,
37006-5CS1S,
37006-5CS2,
37006-5CS2S,
37006-6CS1,
37006-6CS1S,
37006-6CS2,
37006-6CS2S,
37007-3CS1,
37007-3CS1S,
37007-3CS2,
37007-3CS2S,
37007-4CS1,
37007-4CS1S,
37007-4CS2,
37007-4CS2S,
37007-5CS1,
37007-5CS1S,
37007-5CS2,
37007-5CS2S,
37031-1CS2,
37032-1CS2,
37033-1CS2,
37034-1CS2,
37036-1CS3,
37037-1CS3,
37038-1CS3,
37039-1CS3,
37040-1CS3,
37041-1CS2,
37042-1CS2,
37043-1CS2,
37044-1CS2,
37045-1CS2,
37051-1CS4,
37053-1CS4,
37008-5CS2,
37008-5CS2S,
37009-5CS2,
37009-5CS2S,
37024-1P,
37025-1P,
37026-1P,
37119-1BK2P,
37119-1GY1P,
37119-2BK2,
37119-2GY1,
37119-3BK2,
37119-3GY1P,
37119-4BK2,
37201-1BK2P,
37201-1GY1P,
37201-1GY3P,
37203-2P,
37204-1P,
37206-2P,
37207-2P,
37209-1BK2P,
37209-1GY1P,
37210-1P,
37212-1P,
37213-1P,
37219-1BK2P,
37219-1GY1P,
37220-1GY3,
37230-1BK2,
37230-1GY1,
37240-1BK2,
37240-1GY1,
37260-1BK2,
37300-1P,
37400-2P,
37400-3BK2,
37401-2P,
37402-1P,
